{
	"https://www.robotshop.com/en/222mm-74-tooth-timing-belt.html": {
		"category": {
			"0": "Home >",
			"1": "Robots to Build & Experiment >",
			"2": "Robot Parts >",
			"3": "Mechanics >",
			"4": "Gears, Belts, Pulleys, Tracks, Sprockets & Chains >",
			"5": "222mm, 74 Tooth Timing Belt"
		},
		"image": {
			"0": "https://www.robotshop.com/media/catalog/product/cache/image/200x200/3524282ca8bb6d36151c67ddbba511c2/2/2/222mm-74-tooth-tiiming-belt.jpg",
			"1": "https://www.robotshop.com/media/catalog/product/cache/image/900x900/9df78eab33525d08d6e5fb8d27136e95/2/2/222mm-74-tooth-tiiming-belt.jpg",
			"2": "https://www.robotshop.com/skin/frontend/rb/2018/fixtures/build/images/store-common/ico-expert.png"
		},
		"product": "222mm, 74 Tooth Timing Belt"
	},
	"https://www.robotshop.com/en/lipo-battery-small-storage-bag.html": {
		"category": {
			"0": "Home >",
			"1": "Robots to Build & Experiment >",
			"2": "UAVs & Drones >",
			"3": "UAV & Drone Parts & Accessories >",
			"4": "UAV & Drone Power & Wiring >",
			"5": "LiPo Battery Small Storage Bag"
		},
		"image": {
			"0": "https://www.robotshop.com/media/catalog/product/cache/image/200x200/3524282ca8bb6d36151c67ddbba511c2/l/i/lipo-battery-small-storage-bag.jpg",
			"1": "https://www.robotshop.com/media/catalog/product/cache/image/900x900/9df78eab33525d08d6e5fb8d27136e95/l/i/lipo-battery-small-storage-bag.jpg",
			"2": "https://www.robotshop.com/skin/frontend/rb/2018/fixtures/build/images/store-common/ico-expert.png"
		},
		"product": "LiPo Battery Small Storage Bag"
	},
	"https://www.robotshop.com/en/actobotics-dual-screw-plate.html": {
		"category": {
			"0": "Home >",
			"1": "Robots to Build & Experiment >",
			"2": "Robot Parts >",
			"3": "Robot Construction Kit Parts >",
			"4": "Actobotics Parts >",
			"5": "Actobotics Dual Screw Plate"
		},
		"image": {
			"0": "https://www.robotshop.com/media/catalog/product/cache/image/200x200/3524282ca8bb6d36151c67ddbba511c2/a/c/actobotics-dual-screw-plate.jpg",
			"1": "https://www.robotshop.com/media/catalog/product/cache/image/900x900/9df78eab33525d08d6e5fb8d27136e95/a/c/actobotics-dual-screw-plate.jpg",
			"2": null,
			"3": null,
			"4": null,
			"5": null,
			"6": null,
			"7": null,
			"8": null,
			"9": null,
			"10": null,
			"11": null,
			"12": null,
			"13": null,
			"14": null,
			"15": null,
			"16": null
		},
		"product": "Actobotics Dual Screw Plate"
	},
	"https://www.robotshop.com/en/sunfounder-096-inch-oled-display-module-2-pk.html": {
		"category": {
			"0": "Home >",
			"1": "Robots to Build & Experiment >",
			"2": "Robot Parts >",
			"3": "LCD & Display >",
			"4": "Sunfounder 0.96-Inch OLED Display Module (2 pk)"
		},
		"image": {
			"0": "https://www.robotshop.com/media/catalog/product/cache/image/200x200/3524282ca8bb6d36151c67ddbba511c2/s/u/sunfounder-096-inch-oled-display-module-2-pk-2.jpg",
			"1": "https://www.robotshop.com/media/catalog/product/cache/image/900x900/9df78eab33525d08d6e5fb8d27136e95/s/u/sunfounder-096-inch-oled-display-module-2-pk-2.jpg",
			"2": null,
			"3": null,
			"4": null,
			"5": null,
			"6": null,
			"7": null,
			"8": null,
			"9": null,
			"10": null
		},
		"product": "Sunfounder 0.96-Inch OLED Display Module (2 pk)"
	},
	"https://www.robotshop.com/en/raspberry-pi-compute-module-3-lite-cm3l.html": {
		"category": {
			"0": "Home >",
			"1": "Robots to Build & Experiment >",
			"2": "Robot Parts >",
			"3": "Single Board Computers >",
			"4": "Raspberry Pi >",
			"5": "Raspberry Pi Compute Module 3 Lite (CM3L)"
		},
		"image": {
			"0": "https://www.robotshop.com/media/catalog/product/cache/image/200x200/3524282ca8bb6d36151c67ddbba511c2/r/a/raspberry-pi-compute-module-3-lite-cm3l_1.jpg",
			"1": "https://www.robotshop.com/media/catalog/product/cache/image/900x900/9df78eab33525d08d6e5fb8d27136e95/r/a/raspberry-pi-compute-module-3-lite-cm3l_1.jpg",
			"2": null,
			"3": null,
			"4": null,
			"5": null,
			"6": null
		},
		"product": "Raspberry Pi Compute Module 3 Lite (CM3L)"
	},
	"https://www.robotshop.com/en/microrax-4-hole-joining-plate-ts-01.html": {
		"category": {
			"0": "Home >",
			"1": "Lynxmotion >",
			"2": "Servo Erector Set >",
			"3": "MicroRax 4-hole 90° Joining Plate (10)"
		},
		"image": {
			"0": "https://www.robotshop.com/media/catalog/product/cache/image/200x200/3524282ca8bb6d36151c67ddbba511c2/m/i/microrax-4-hole-joining-plate-ts-01.jpg",
			"1": "https://www.robotshop.com/media/catalog/product/cache/image/900x900/9df78eab33525d08d6e5fb8d27136e95/m/i/microrax-4-hole-joining-plate-ts-01.jpg",
			"2": null
		},
		"product": "MicroRax 4-hole 90° Joining Plate (10)"
	},
	"https://www.robotshop.com/en/ft-scservo-smart-servo-motor.html": {
		"category": {
			"0": "Home >",
			"1": "Robots to Build & Experiment >",
			"2": "Robot Parts >",
			"3": "Motors & Actuators >",
			"4": "Smart Servo Motors >",
			"5": "Misc. Smart Servo Motor >",
			"6": "FT-SCServo Smart Servo Motor"
		},
		"image": {
			"0": "https://www.robotshop.com/media/catalog/product/cache/image/200x200/3524282ca8bb6d36151c67ddbba511c2/f/t/ft-scservo-smart-servo-motor.jpg",
			"1": "https://www.robotshop.com/media/catalog/product/cache/image/900x900/9df78eab33525d08d6e5fb8d27136e95/f/t/ft-scservo-smart-servo-motor.jpg",
			"2": null,
			"3": null,
			"4": null
		},
		"product": "FT-SCServo Smart Servo Motor"
	},
	"https://www.robotshop.com/en/codrone-lite-quadcopter.html": {
		"category": {
			"0": "Home >",
			"1": "Robots to Build & Experiment >",
			"2": "UAVs & Drones >",
			"3": "UAV & Drone RTF >",
			"4": "CoDrone Lite Quadcopter"
		},
		"image": {
			"0": "https://www.robotshop.com/media/catalog/product/cache/image/200x200/3524282ca8bb6d36151c67ddbba511c2/c/o/codrone-lite-quadcopter-4.jpg",
			"1": "https://www.robotshop.com/media/catalog/product/cache/image/900x900/9df78eab33525d08d6e5fb8d27136e95/c/o/codrone-lite-quadcopter-4.jpg",
			"2": null,
			"3": null,
			"4": null,
			"5": null,
			"6": null,
			"7": null,
			"8": null,
			"9": null,
			"10": null,
			"11": null,
			"12": "https://www.robotshop.com/skin/frontend/rb/2018/fixtures/build/images/store-common/ico-expert.png"
		},
		"product": "CoDrone Lite Quadcopter"
	},
	"https://www.robotshop.com/en/ds2824-16a-24-channel-ethernet-relay-24-snubbers.html": {
		"category": {
			"0": "Home >",
			"1": "Robots to Build & Experiment >",
			"2": "Robot Parts >",
			"3": "Relay & LED Controllers >",
			"4": "ds2824 - 16A 24 Channel Ethernet Relay (24 Snubbers)"
		},
		"image": {
			"0": "https://www.robotshop.com/media/catalog/product/cache/image/200x200/3524282ca8bb6d36151c67ddbba511c2/d/s/ds2824-16a-24-channel-ethernet-relay-24-snubbers.jpg",
			"1": "https://www.robotshop.com/media/catalog/product/cache/image/900x900/9df78eab33525d08d6e5fb8d27136e95/d/s/ds2824-16a-24-channel-ethernet-relay-24-snubbers.jpg",
			"2": null
		},
		"product": "ds2824 - 16A 24 Channel Ethernet Relay (24 Snubbers)"
	},
	"https://www.robotshop.com/en/lm35-temperature-sensor-5pk.html": {
		"category": {
			"0": "Home >",
			"1": "Robots to Build & Experiment >",
			"2": "Robot Parts >",
			"3": "Robot Sensors >",
			"4": "Temperature & Humidity Sensors >",
			"5": "LM35 Temperature Sensor (5pk)"
		},
		"image": {
			"0": "https://www.robotshop.com/media/catalog/product/cache/image/200x200/3524282ca8bb6d36151c67ddbba511c2/l/m/lm35-temperature-sensor-5pk_1.jpg",
			"1": "https://www.robotshop.com/media/catalog/product/cache/image/900x900/9df78eab33525d08d6e5fb8d27136e95/l/m/lm35-temperature-sensor-5pk_1.jpg",
			"2": null,
			"3": null,
			"4": null
		},
		"product": "LM35 Temperature Sensor (5pk)"
	},
	"https://www.robotshop.com/en/leddartech-vu-8-channel-module-99-3-fov-usb-can-bus-rs485--uart.html": {
		"category": {
			"0": "Home >",
			"1": "Robots to Build & Experiment >",
			"2": "Robot Parts >",
			"3": "Robot Sensors >",
			"4": "LIDAR, Laser Scanners & Rangefinders >",
			"5": "Multi-beam >",
			"6": "LeddarTech Vu 8 Channel Module, 99°/3° FOV, USB, CAN Bus, RS485 & UART"
		},
		"image": {
			"0": "https://www.robotshop.com/media/catalog/product/cache/image/200x200/3524282ca8bb6d36151c67ddbba511c2/l/e/leddar-vu-8-channel-module-100-3-usb-can--serial-interfaces-starter-kit.jpg",
			"1": "https://www.robotshop.com/media/catalog/product/cache/image/900x900/9df78eab33525d08d6e5fb8d27136e95/l/e/leddar-vu-8-channel-module-100-3-usb-can--serial-interfaces-starter-kit.jpg",
			"2": null,
			"3": null,
			"4": "https://www.robotshop.com/skin/frontend/rb/2018/fixtures/build/images/store-common/ico-expert.png"
		},
		"product": "LeddarTech Vu 8 Channel Module, 99°/3° FOV, USB, CAN Bus, RS485 & UART"
	},
	"https://www.robotshop.com/en/raspberry-pi-i-o-board-compute-module-3-cm3.html": {
		"category": {
			"0": "Home >",
			"1": "Robots to Build & Experiment >",
			"2": "Robot Parts >",
			"3": "Single Board Computers >",
			"4": "Raspberry Pi >",
			"5": "Raspberry Pi I/O Board for Compute Module 3 (CM3)"
		},
		"image": {
			"0": "https://www.robotshop.com/media/catalog/product/cache/image/200x200/3524282ca8bb6d36151c67ddbba511c2/r/a/raspberry-pi-i-o-board-compute-module-3-cm3.png",
			"1": "https://www.robotshop.com/media/catalog/product/cache/image/900x900/9df78eab33525d08d6e5fb8d27136e95/r/a/raspberry-pi-i-o-board-compute-module-3-cm3.png",
			"2": "https://www.robotshop.com/skin/frontend/rb/2018/fixtures/build/images/store-common/ico-expert.png"
		},
		"product": "Raspberry Pi I/O Board for Compute Module 3 (CM3)"
	},
	"https://www.robotshop.com/en/lynxmotion-aluminum-tubing---2250-at-05.html": {
		"category": {
			"0": "Home >",
			"1": "Lynxmotion >",
			"2": "Mechanical >",
			"3": "Hardware >",
			"4": "Tubing and Hubs >",
			"5": "Lynxmotion Aluminum Tubing - 2.250\" AT-05"
		},
		"image": {
			"0": "https://www.robotshop.com/media/catalog/product/cache/image/200x200/3524282ca8bb6d36151c67ddbba511c2/l/y/lynxmotion-aluminum-tubing-at-05.png",
			"1": "https://www.robotshop.com/media/catalog/product/cache/image/900x900/9df78eab33525d08d6e5fb8d27136e95/l/y/lynxmotion-aluminum-tubing-at-05.png",
			"2": null,
			"3": null,
			"4": "https://www.robotshop.com/skin/frontend/rb/2018/fixtures/build/images/store-common/ico-expert.png"
		},
		"product": "Lynxmotion Aluminum Tubing - 2.250\" AT-05"
	},
	"https://www.robotshop.com/en/mechanics-laboratory-helicopter-airboat.html": {
		"category": {
			"0": "Home >",
			"1": "As Seen in the Newsletter >",
			"2": "Mechanics Laboratory Helicopter & Airboat"
		},
		"image": {
			"0": "https://www.robotshop.com/media/catalog/product/cache/image/200x200/3524282ca8bb6d36151c67ddbba511c2/m/e/mechanics-laboratory-helicopter-airboat.jpg",
			"1": "https://www.robotshop.com/media/catalog/product/cache/image/900x900/9df78eab33525d08d6e5fb8d27136e95/m/e/mechanics-laboratory-helicopter-airboat.jpg",
			"2": null,
			"3": null,
			"4": null,
			"5": null,
			"6": "https://www.robotshop.com/skin/frontend/rb/2018/fixtures/build/images/store-common/ico-expert.png"
		},
		"product": "Mechanics Laboratory Helicopter & Airboat"
	},
	"https://www.robotshop.com/en/elecrow-esp8266-wifi-module.html": {
		"category": {
			"0": "Home >",
			"1": "Robots to Build & Experiment >",
			"2": "Robot Parts >",
			"3": "Data Communication and Human Input Devices >",
			"4": "Data Telemetry >",
			"5": "WiFi >",
			"6": "Elecrow ESP8266 WiFi Module"
		},
		"image": {
			"0": "https://www.robotshop.com/media/catalog/product/cache/image/200x200/3524282ca8bb6d36151c67ddbba511c2/e/l/elecrow-esp8266-wifi-module.jpg",
			"1": "https://www.robotshop.com/media/catalog/product/cache/image/900x900/9df78eab33525d08d6e5fb8d27136e95/e/l/elecrow-esp8266-wifi-module.jpg",
			"2": null,
			"3": null,
			"4": null,
			"5": null,
			"6": "https://www.robotshop.com/skin/frontend/rb/2018/fixtures/build/images/store-common/ico-expert.png"
		},
		"product": "Elecrow ESP8266 WiFi Module"
	},
	"https://www.robotshop.com/en/100mm-aluminum-omni-wheel-polyurethane.html": {
		"category": {
			"0": "Home >",
			"1": "Robots to Build & Experiment >",
			"2": "Robot Parts >",
			"3": "Mechanics >",
			"4": "Wheels & Casters >",
			"5": "100mm Aluminum Omni Wheel w/ Polyurethane"
		},
		"image": {
			"0": "https://www.robotshop.com/media/catalog/product/cache/image/200x200/3524282ca8bb6d36151c67ddbba511c2/1/0/100mm-aluminum-omni-wheel-polyurethane.jpg",
			"1": "https://www.robotshop.com/media/catalog/product/cache/image/900x900/9df78eab33525d08d6e5fb8d27136e95/1/0/100mm-aluminum-omni-wheel-polyurethane.jpg",
			"2": null,
			"3": null,
			"4": null,
			"5": null,
			"6": "https://www.robotshop.com/skin/frontend/rb/2018/fixtures/build/images/store-common/ico-expert.png"
		},
		"product": "100mm Aluminum Omni Wheel w/ Polyurethane"
	},
	"https://www.robotshop.com/en/gravity-slide-position-sensor.html": {
		"category": {
			"0": "Home >",
			"1": "Robots to Build & Experiment >",
			"2": "Robot Parts >",
			"3": "Electronic Experimentation Parts >",
			"4": "Gravity Parts >",
			"5": "Gravity Slide Position Sensor"
		},
		"image": {
			"0": "https://www.robotshop.com/media/catalog/product/cache/image/200x200/3524282ca8bb6d36151c67ddbba511c2/d/f/dfrobot-slide-position-sensor.jpg",
			"1": "https://www.robotshop.com/media/catalog/product/cache/image/900x900/9df78eab33525d08d6e5fb8d27136e95/d/f/dfrobot-slide-position-sensor.jpg",
			"2": "https://www.robotshop.com/skin/frontend/rb/2018/fixtures/build/images/store-common/ico-expert.png"
		},
		"product": "Gravity Slide Position Sensor"
	},
	"https://www.robotshop.com/en/lynxmotion-hunter-vtail-500-drone-kit-large-motor-hardware-only.html": {
		"category": {
			"0": "Home >",
			"1": "Lynxmotion >",
			"2": "UAV / Drones >",
			"3": "VTail 500 >",
			"4": "Lynxmotion Hunter VTail 500 Drone Kit for Large Motor (Hardware Only)"
		},
		"image": {
			"0": "https://www.robotshop.com/media/catalog/product/cache/image/200x200/3524282ca8bb6d36151c67ddbba511c2/l/y/lynxmotion-hunter-vtail-500-drone-kit-large-motor-hardware-only_1.jpg",
			"1": "https://www.robotshop.com/media/catalog/product/cache/image/900x900/9df78eab33525d08d6e5fb8d27136e95/l/y/lynxmotion-hunter-vtail-500-drone-kit-large-motor-hardware-only_1.jpg",
			"2": null,
			"3": null,
			"4": null,
			"5": null,
			"6": null,
			"7": null,
			"8": null,
			"9": null,
			"10": "https://www.robotshop.com/skin/frontend/rb/2018/fixtures/build/images/store-common/ico-expert.png"
		},
		"product": "Lynxmotion Hunter VTail 500 Drone Kit for Large Motor (Hardware Only)"
	},
	"https://www.robotshop.com/en/biqu-b1-fdm-3d-printer-1.html": {
		"category": {
			"0": "Home >",
			"1": "Robots to Build & Experiment >",
			"2": "Tools & Equipment >",
			"3": "3D Printers >",
			"4": "BIQU B1 FDM 3D Printer"
		},
		"image": {
			"0": "https://www.robotshop.com/media/catalog/product/cache/image/200x200/3524282ca8bb6d36151c67ddbba511c2/b/i/biqu-b1-fdm-3d-printer-1_586c7.jpg.jpg",
			"1": "https://www.robotshop.com/media/catalog/product/cache/image/900x900/9df78eab33525d08d6e5fb8d27136e95/b/i/biqu-b1-fdm-3d-printer-1_586c7.jpg.jpg",
			"2": null,
			"3": null,
			"4": null,
			"5": null,
			"6": null,
			"7": null,
			"8": "https://www.robotshop.com/skin/frontend/rb/2018/fixtures/build/images/store-common/ico-expert.png"
		},
		"product": "BIQU B1 FDM 3D Printer"
	},
	"https://www.robotshop.com/en/seeedstudio-grove-gp2y0d805z0f-ir-range-sensor-05cm-to-5cm.html": {
		"category": {
			"0": "Home >",
			"1": "Robots to Build & Experiment >",
			"2": "Robot Parts >",
			"3": "Electronic Experimentation Parts >",
			"4": "GROVE Parts >",
			"5": "Seeedstudio Grove GP2Y0D805Z0F IR Range Sensor - 0.5cm to 5cm"
		},
		"image": {
			"0": "https://www.robotshop.com/media/catalog/product/cache/image/200x200/3524282ca8bb6d36151c67ddbba511c2/g/r/grove-gp2y0d805z0f-ir-range-sensor-05cm-to-5cm.jpg",
			"1": "https://www.robotshop.com/media/catalog/product/cache/image/900x900/9df78eab33525d08d6e5fb8d27136e95/g/r/grove-gp2y0d805z0f-ir-range-sensor-05cm-to-5cm.jpg",
			"2": null,
			"3": null,
			"4": null,
			"5": null,
			"6": null,
			"7": null,
			"8": null
		},
		"product": "Seeedstudio Grove GP2Y0D805Z0F IR Range Sensor - 0.5cm to 5cm"
	},
	"https://www.robotshop.com/en/elenco-tl-9-minigrabber-leads.html": {
		"category": {
			"0": "Home >",
			"1": "Robots to Build & Experiment >",
			"2": "Tools & Equipment >",
			"3": "Probes and Test Leads >",
			"4": "36\" Minigrabber to Minigrabber IC Clip Test Lead"
		},
		"image": {
			"0": "https://www.robotshop.com/media/catalog/product/cache/image/200x200/3524282ca8bb6d36151c67ddbba511c2/e/l/elenco-tl-9-minigrabber-leads.jpg",
			"1": "https://www.robotshop.com/media/catalog/product/cache/image/900x900/9df78eab33525d08d6e5fb8d27136e95/e/l/elenco-tl-9-minigrabber-leads.jpg",
			"2": "https://www.robotshop.com/skin/frontend/rb/2018/fixtures/build/images/store-common/ico-expert.png"
		},
		"product": "36\" Minigrabber to Minigrabber IC Clip Test Lead"
	},
	"https://www.robotshop.com/en/sherline-nikx-stikx-metal-cutting-compound.html": {
		"category": {
			"0": "Home >",
			"1": "Robots to Build & Experiment >",
			"2": "Tools & Equipment >",
			"3": "Machine Accessories >",
			"4": "Sherline NIKX-STIKX Metal Cutting Compound"
		},
		"image": {
			"0": "https://www.robotshop.com/media/catalog/product/cache/image/200x200/3524282ca8bb6d36151c67ddbba511c2/s/h/sherline-nikx-stikx-metal-cutting-compound.jpg",
			"1": "https://www.robotshop.com/media/catalog/product/cache/image/900x900/9df78eab33525d08d6e5fb8d27136e95/s/h/sherline-nikx-stikx-metal-cutting-compound.jpg",
			"2": null
		},
		"product": "Sherline NIKX-STIKX Metal Cutting Compound"
	},
	"https://www.robotshop.com/en/makeblock-servo-kit-blue.html": {
		"category": {
			"0": "Home >",
			"1": "Robots to Build & Experiment >",
			"2": "Robot Parts >",
			"3": "Robot Construction Kit Parts >",
			"4": "Makeblock Parts >",
			"5": "MakeBlock Servo Kit (Blue)"
		},
		"image": {
			"0": "https://www.robotshop.com/media/catalog/product/cache/image/200x200/3524282ca8bb6d36151c67ddbba511c2/m/a/makeblock-servo-kit.jpg",
			"1": "https://www.robotshop.com/media/catalog/product/cache/image/900x900/9df78eab33525d08d6e5fb8d27136e95/m/a/makeblock-servo-kit.jpg",
			"2": null
		},
		"product": "MakeBlock Servo Kit (Blue)"
	},
	"https://www.robotshop.com/en/sparkfun-inventors-kit-arduino-uno-v40.html": {
		"category": {
			"0": "Home >",
			"1": "Robots to Build & Experiment >",
			"2": "Robot Parts >",
			"3": "Microcontrollers >",
			"4": "Microcontroller Kits >",
			"5": "Arduino Kits >",
			"6": "SparkFun Inventor's Kit for Arduino Uno - v4.0"
		},
		"image": {
			"0": "https://www.robotshop.com/media/catalog/product/cache/image/200x200/3524282ca8bb6d36151c67ddbba511c2/s/p/sparkfun-inventors-kit-arduino-uno-v40.jpg",
			"1": "https://www.robotshop.com/media/catalog/product/cache/image/900x900/9df78eab33525d08d6e5fb8d27136e95/s/p/sparkfun-inventors-kit-arduino-uno-v40.jpg",
			"2": null,
			"3": null,
			"4": "https://www.robotshop.com/skin/frontend/rb/2018/fixtures/build/images/store-common/ico-expert.png"
		},
		"product": "SparkFun Inventor's Kit for Arduino Uno - v4.0"
	},
	"https://www.robotshop.com/en/sparkfun-qwiic-hat-raspberry-pi.html": {
		"category": {
			"0": "Home >",
			"1": "Robots to Build & Experiment >",
			"2": "Robot Parts >",
			"3": "Microcontroller Accessories >",
			"4": "Raspberry Pi Accessories / HATs >",
			"5": "SparkFun Qwiic HAT for Raspberry Pi"
		},
		"image": {
			"0": "https://www.robotshop.com/media/catalog/product/cache/image/200x200/3524282ca8bb6d36151c67ddbba511c2/s/p/sparkfun-qwiic-hat-raspberry-pi.jpg",
			"1": "https://www.robotshop.com/media/catalog/product/cache/image/900x900/9df78eab33525d08d6e5fb8d27136e95/s/p/sparkfun-qwiic-hat-raspberry-pi.jpg",
			"2": null,
			"3": null,
			"4": null,
			"5": null,
			"6": null,
			"7": null,
			"8": null,
			"9": null,
			"10": "https://www.robotshop.com/skin/frontend/rb/2018/fixtures/build/images/store-common/ico-expert.png"
		},
		"product": "SparkFun Qwiic HAT for Raspberry Pi"
	},
	"https://www.robotshop.com/en/1100-tie-point-solderless-breadboard.html": {
		"category": {
			"0": "Home >",
			"1": "Robots to Build & Experiment >",
			"2": "Tools & Equipment >",
			"3": "Prototyping >",
			"4": "1100 Tie Point Solderless Breadboard"
		},
		"image": {
			"0": "https://www.robotshop.com/media/catalog/product/cache/image/200x200/3524282ca8bb6d36151c67ddbba511c2/1/1/1100-tie-point-solderless-breadboard_1.jpg",
			"1": "https://www.robotshop.com/media/catalog/product/cache/image/900x900/9df78eab33525d08d6e5fb8d27136e95/1/1/1100-tie-point-solderless-breadboard_1.jpg",
			"2": "https://www.robotshop.com/skin/frontend/rb/2018/fixtures/build/images/store-common/ico-expert.png"
		},
		"product": "1100 Tie Point Solderless Breadboard"
	},
	"https://www.robotshop.com/en/16mm-hub-nexus.html": {
		"category": {
			"0": "Home >",
			"1": "Robots to Build & Experiment >",
			"2": "Robot Parts >",
			"3": "Mechanics >",
			"4": "Hubs & Couplers >",
			"5": "16mm Hub Nexus"
		},
		"image": {
			"0": "https://www.robotshop.com/media/catalog/product/cache/image/200x200/3524282ca8bb6d36151c67ddbba511c2/1/6/16mm-hub-nexus-3_1.jpg",
			"1": "https://www.robotshop.com/media/catalog/product/cache/image/900x900/9df78eab33525d08d6e5fb8d27136e95/1/6/16mm-hub-nexus-3_1.jpg",
			"2": null,
			"3": null,
			"4": null,
			"5": null,
			"6": null,
			"7": null,
			"8": "https://www.robotshop.com/skin/frontend/rb/2018/fixtures/build/images/store-common/ico-expert.png"
		},
		"product": "16mm Hub Nexus"
	},
	"https://www.robotshop.com/en/4wd-omni-directional-arduino-compatible-mobile-robot.html": {
		"category": {
			"0": "Home >",
			"1": "Robots to Build & Experiment >",
			"2": "Robots & Kits >",
			"3": "Wheeled & Tracked Robots >",
			"4": "4 & 6 Wheel Robots >",
			"5": "4WD Omni-Directional Arduino Compatible Mobile Robot Kit"
		},
		"image": {
			"0": "https://www.robotshop.com/media/catalog/product/cache/image/200x200/3524282ca8bb6d36151c67ddbba511c2/k/i/kit-robotique-compacte-4-roues-omnidirectionnelles-compatible-arduino-2.jpg",
			"1": "https://www.robotshop.com/media/catalog/product/cache/image/900x900/9df78eab33525d08d6e5fb8d27136e95/k/i/kit-robotique-compacte-4-roues-omnidirectionnelles-compatible-arduino-2.jpg",
			"2": null,
			"3": null,
			"4": null,
			"5": null,
			"6": null,
			"7": null,
			"8": null,
			"9": null,
			"10": null,
			"11": null,
			"12": null,
			"13": null,
			"14": "https://www.robotshop.com/skin/frontend/rb/2018/fixtures/build/images/store-common/ico-expert.png"
		},
		"product": "4WD Omni-Directional Arduino Compatible Mobile Robot Kit"
	},
	"https://www.robotshop.com/en/niryo-electromagnet-module.html": {
		"category": {
			"0": "Home >",
			"1": "Robots to Build & Experiment >",
			"2": "Robot Parts >",
			"3": "Electronic Components >",
			"4": "Niryo Electromagnet Module"
		},
		"image": {
			"0": "https://www.robotshop.com/media/catalog/product/cache/image/200x200/3524282ca8bb6d36151c67ddbba511c2/n/i/niryo-electromagnet-module-2.jpg",
			"1": "https://www.robotshop.com/media/catalog/product/cache/image/900x900/9df78eab33525d08d6e5fb8d27136e95/n/i/niryo-electromagnet-module-2.jpg",
			"2": null,
			"3": null,
			"4": null,
			"5": null,
			"6": "https://www.robotshop.com/skin/frontend/rb/2018/fixtures/build/images/store-common/ico-expert.png"
		},
		"product": "Niryo Electromagnet Module"
	},
	"https://www.robotshop.com/en/dobot-m1-extentional-connector.html": {
		"category": {
			"0": "Home >",
			"1": "Robots to Build & Experiment >",
			"2": "Robot Parts >",
			"3": "Interface Adapters & Converters >",
			"4": "Misc. Adapters & Connectors >",
			"5": "Dobot M1 - Extentional Connector"
		},
		"image": {
			"0": "https://www.robotshop.com/media/catalog/product/cache/image/200x200/3524282ca8bb6d36151c67ddbba511c2/d/o/dobot-m1-extentional-connector_1.jpg",
			"1": "https://www.robotshop.com/media/catalog/product/cache/image/900x900/9df78eab33525d08d6e5fb8d27136e95/d/o/dobot-m1-extentional-connector_1.jpg",
			"2": null,
			"3": null,
			"4": null,
			"5": null,
			"6": null,
			"7": null,
			"8": "https://www.robotshop.com/skin/frontend/rb/2018/fixtures/build/images/store-common/ico-expert.png"
		},
		"product": "Dobot M1 - Extentional Connector"
	},
	"https://www.robotshop.com/en/electro-fashion-sewable-green-leds-10pk.html": {
		"category": {
			"0": "Home >",
			"1": "Wearable Technology >",
			"2": "DIY Wearables >",
			"3": "Electro-Fashion Sewable Green LEDs (10pk)"
		},
		"image": {
			"0": "https://www.robotshop.com/media/catalog/product/cache/image/200x200/3524282ca8bb6d36151c67ddbba511c2/e/l/electro-fashion-sewable-green-leds-10pk.jpg",
			"1": "https://www.robotshop.com/media/catalog/product/cache/image/900x900/9df78eab33525d08d6e5fb8d27136e95/e/l/electro-fashion-sewable-green-leds-10pk.jpg",
			"2": null,
			"3": null,
			"4": null,
			"5": null,
			"6": null,
			"7": null,
			"8": "https://www.robotshop.com/skin/frontend/rb/2018/fixtures/build/images/store-common/ico-expert.png"
		},
		"product": "Electro-Fashion Sewable Green LEDs (10pk)"
	},
	"https://www.robotshop.com/en/adeept-atmega2560-microcontroller.html": {
		"category": {
			"0": "Home >",
			"1": "Robots to Build & Experiment >",
			"2": "Robot Parts >",
			"3": "Microcontrollers >",
			"4": "Arduino >",
			"5": "Adeept ATmega2560 Microcontroller"
		},
		"image": {
			"0": "https://www.robotshop.com/media/catalog/product/cache/image/200x200/3524282ca8bb6d36151c67ddbba511c2/a/d/adeept-arduino-atmega2560-microcontroller.jpg",
			"1": "https://www.robotshop.com/media/catalog/product/cache/image/900x900/9df78eab33525d08d6e5fb8d27136e95/a/d/adeept-arduino-atmega2560-microcontroller.jpg",
			"2": null,
			"3": null,
			"4": null,
			"5": null,
			"6": "https://www.robotshop.com/skin/frontend/rb/2018/fixtures/build/images/store-common/ico-expert.png"
		},
		"product": "Adeept ATmega2560 Microcontroller"
	},
	"https://www.robotshop.com/en/pingpong-cube.html": {
		"category": {
			"0": "Home >",
			"1": "Robots to Build & Experiment >",
			"2": "Robots & Kits >",
			"3": "Robot Construction Kits >",
			"4": "Miscellaneous Kits >",
			"5": "PingPong Cube"
		},
		"image": {
			"0": "https://www.robotshop.com/media/catalog/product/cache/image/200x200/3524282ca8bb6d36151c67ddbba511c2/p/i/pingpong-cube-modular-robot.jpg",
			"1": "https://www.robotshop.com/media/catalog/product/cache/image/900x900/9df78eab33525d08d6e5fb8d27136e95/p/i/pingpong-cube-modular-robot.jpg",
			"2": "https://www.robotshop.com/skin/frontend/rb/2018/fixtures/build/images/store-common/ico-expert.png"
		},
		"product": "PingPong Cube"
	},
	"https://www.robotshop.com/en/tiertime-up-mini-v2-extruder-assembly.html": {
		"category": {
			"0": "Home >",
			"1": "Robots to Build & Experiment >",
			"2": "Tools & Equipment >",
			"3": "3D Printer Parts & Acc. >",
			"4": "UP! Parts & Acc. >",
			"5": "Tiertime UP! Mini V2 Extruder Assembly"
		},
		"image": {
			"0": "https://www.robotshop.com/media/catalog/product/cache/image/200x200/3524282ca8bb6d36151c67ddbba511c2/t/i/tiertime-up-mini-v2-extruder-assembly.jpg",
			"1": "https://www.robotshop.com/media/catalog/product/cache/image/900x900/9df78eab33525d08d6e5fb8d27136e95/t/i/tiertime-up-mini-v2-extruder-assembly.jpg",
			"2": null,
			"3": null,
			"4": null,
			"5": null,
			"6": null,
			"7": null,
			"8": "https://www.robotshop.com/skin/frontend/rb/2018/fixtures/build/images/store-common/ico-expert.png"
		},
		"product": "Tiertime UP! Mini V2 Extruder Assembly"
	},
	"https://www.robotshop.com/en/muscleban-bio-emg-muscle-sensor.html": {
		"category": {
			"0": "Home >",
			"1": "Robots to Build & Experiment >",
			"2": "Robot Parts >",
			"3": "Robot Sensors >",
			"4": "Biometric Sensors >",
			"5": "muscleBAN Bio EMG Muscle Sensor"
		},
		"image": {
			"0": "https://www.robotshop.com/media/catalog/product/cache/image/200x200/3524282ca8bb6d36151c67ddbba511c2/m/u/muscleban-bio-emg-muscle-sensor_1.jpg",
			"1": "https://www.robotshop.com/media/catalog/product/cache/image/900x900/9df78eab33525d08d6e5fb8d27136e95/m/u/muscleban-bio-emg-muscle-sensor_1.jpg",
			"2": null,
			"3": null,
			"4": "https://www.robotshop.com/skin/frontend/rb/2018/fixtures/build/images/store-common/ico-expert.png"
		},
		"product": "muscleBAN Bio EMG Muscle Sensor"
	},
	"https://www.robotshop.com/en/sfe-100mm-wire-jst-blk-blue.html": {
		"category": {
			"0": "Home >",
			"1": "Robots to Build & Experiment >",
			"2": "Robot Parts >",
			"3": "Cables, Wires & Connectors >",
			"4": "Jumper Wires >",
			"5": "100mm Jumper Wire - JST Black / Blue"
		},
		"image": {
			"0": "https://www.robotshop.com/media/catalog/product/cache/image/200x200/3524282ca8bb6d36151c67ddbba511c2/s/f/sfe-100mm-wire-jst-blk-blue_1.jpg",
			"1": "https://www.robotshop.com/media/catalog/product/cache/image/900x900/9df78eab33525d08d6e5fb8d27136e95/s/f/sfe-100mm-wire-jst-blk-blue_1.jpg",
			"2": null,
			"3": null,
			"4": null,
			"5": null,
			"6": "https://www.robotshop.com/skin/frontend/rb/2018/fixtures/build/images/store-common/ico-expert.png"
		},
		"product": "100mm Jumper Wire - JST Black / Blue"
	}
}